,不良(101-199)(站日),縣市,時間
0,40,臺北市,2010年 1月
1,72,新北市,
2,14,桃園市,
3,1,基隆市,
4,8,新竹縣,
5,3,新竹市,
6,8,苗栗縣,
7,47,臺中市,
8,8,彰化縣,
9,25,南投縣,
10,29,雲林縣,
11,47,嘉義縣,
12,11,嘉義市,
13,59,臺南市,
14,193,高雄市,
15,85,屏東縣,
16,3,宜蘭縣,
17,1,花蓮縣,
18,6,臺東縣,
19,0,金門縣,
20,0,連江縣,
21,0,澎湖縣,
22,0,臺北市,2010年 2月
23,0,新北市,
24,0,桃園市,
25,0,基隆市,
26,0,新竹縣,
27,0,新竹市,
28,0,苗栗縣,
29,0,臺中市,
30,1,彰化縣,
31,0,南投縣,
32,1,雲林縣,
33,1,嘉義縣,
34,1,嘉義市,
35,4,臺南市,
36,7,高雄市,
37,1,屏東縣,
38,0,宜蘭縣,
39,0,花蓮縣,
40,0,臺東縣,
41,0,金門縣,
42,0,連江縣,
43,0,澎湖縣,
44,0,臺北市,2010年 3月
45,3,新北市,
46,1,桃園市,
47,0,基隆市,
48,1,新竹縣,
49,0,新竹市,
50,0,苗栗縣,
51,3,臺中市,
52,0,彰化縣,
53,0,南投縣,
54,0,雲林縣,
55,4,嘉義縣,
56,1,嘉義市,
57,8,臺南市,
58,7,高雄市,
59,4,屏東縣,
60,0,宜蘭縣,
61,0,花蓮縣,
62,0,臺東縣,
63,0,金門縣,
64,0,連江縣,
65,0,澎湖縣,
66,2,臺北市,2010年 4月
67,4,新北市,
68,1,桃園市,
69,0,基隆市,
70,0,新竹縣,
71,0,新竹市,
72,0,苗栗縣,
73,5,臺中市,
74,0,彰化縣,
75,2,南投縣,
76,4,雲林縣,
77,3,嘉義縣,
78,0,嘉義市,
79,0,臺南市,
80,7,高雄市,
81,2,屏東縣,
82,0,宜蘭縣,
83,0,花蓮縣,
84,0,臺東縣,
85,0,金門縣,
86,0,連江縣,
87,0,澎湖縣,
88,5,臺北市,2010年 5月
89,10,新北市,
90,4,桃園市,
91,1,基隆市,
92,2,新竹縣,
93,1,新竹市,
94,2,苗栗縣,
95,3,臺中市,
96,2,彰化縣,
97,2,南投縣,
98,3,雲林縣,
99,4,嘉義縣,
100,1,嘉義市,
101,5,臺南市,
102,15,高雄市,
103,9,屏東縣,
104,2,宜蘭縣,
105,1,花蓮縣,
106,0,臺東縣,
107,0,金門縣,
108,0,連江縣,
109,0,澎湖縣,
110,7,臺北市,2010年 6月
111,15,新北市,
112,4,桃園市,
113,0,基隆市,
114,3,新竹縣,
115,1,新竹市,
116,4,苗栗縣,
117,18,臺中市,
118,2,彰化縣,
119,8,南投縣,
120,3,雲林縣,
121,6,嘉義縣,
122,0,嘉義市,
123,1,臺南市,
124,2,高雄市,
125,5,屏東縣,
126,1,宜蘭縣,
127,0,花蓮縣,
128,0,臺東縣,
129,0,金門縣,
130,0,連江縣,
131,0,澎湖縣,
132,18,臺北市,2010年 7月
133,22,新北市,
134,1,桃園市,
135,0,基隆市,
136,1,新竹縣,
137,0,新竹市,
138,1,苗栗縣,
139,5,臺中市,
140,0,彰化縣,
141,4,南投縣,
142,0,雲林縣,
143,2,嘉義縣,
144,2,嘉義市,
145,1,臺南市,
146,8,高雄市,
147,4,屏東縣,
148,0,宜蘭縣,
149,0,花蓮縣,
150,0,臺東縣,
151,0,金門縣,
152,0,連江縣,
153,0,澎湖縣,
154,1,臺北市,2010年 8月
155,3,新北市,
156,0,桃園市,
157,0,基隆市,
158,0,新竹縣,
159,0,新竹市,
160,0,苗栗縣,
161,0,臺中市,
162,0,彰化縣,
163,1,南投縣,
164,0,雲林縣,
165,0,嘉義縣,
166,0,嘉義市,
167,0,臺南市,
168,1,高雄市,
169,2,屏東縣,
170,0,宜蘭縣,
171,0,花蓮縣,
172,0,臺東縣,
173,0,金門縣,
174,0,連江縣,
175,0,澎湖縣,
176,3,臺北市,2010年 9月
177,7,新北市,
178,0,桃園市,
179,0,基隆市,
180,0,新竹縣,
181,0,新竹市,
182,1,苗栗縣,
183,2,臺中市,
184,0,彰化縣,
185,0,南投縣,
186,3,雲林縣,
187,2,嘉義縣,
188,0,嘉義市,
189,0,臺南市,
190,3,高雄市,
191,4,屏東縣,
192,0,宜蘭縣,
193,0,花蓮縣,
194,0,臺東縣,
195,0,金門縣,
196,0,連江縣,
197,0,澎湖縣,
198,0,臺北市,2010年 10月
199,0,新北市,
200,1,桃園市,
201,0,基隆市,
202,0,新竹縣,
203,0,新竹市,
204,0,苗栗縣,
205,7,臺中市,
206,0,彰化縣,
207,2,南投縣,
208,1,雲林縣,
209,2,嘉義縣,
210,1,嘉義市,
211,0,臺南市,
212,4,高雄市,
213,4,屏東縣,
214,0,宜蘭縣,
215,0,花蓮縣,
216,3,臺東縣,
217,0,金門縣,
218,0,連江縣,
219,0,澎湖縣,
220,0,臺北市,2010年 11月
221,1,新北市,
222,0,桃園市,
223,0,基隆市,
224,0,新竹縣,
225,0,新竹市,
226,0,苗栗縣,
227,2,臺中市,
228,0,彰化縣,
229,4,南投縣,
230,11,雲林縣,
231,17,嘉義縣,
232,2,嘉義市,
233,21,臺南市,
234,69,高雄市,
235,15,屏東縣,
236,0,宜蘭縣,
237,0,花蓮縣,
238,1,臺東縣,
239,0,金門縣,
240,0,連江縣,
241,0,澎湖縣,
242,1,臺北市,2010年 12月
243,4,新北市,
244,0,桃園市,
245,0,基隆市,
246,0,新竹縣,
247,0,新竹市,
248,0,苗栗縣,
249,2,臺中市,
250,1,彰化縣,
251,2,南投縣,
252,2,雲林縣,
253,2,嘉義縣,
254,1,嘉義市,
255,6,臺南市,
256,38,高雄市,
257,18,屏東縣,
258,0,宜蘭縣,
259,0,花蓮縣,
260,2,臺東縣,
261,0,金門縣,
262,0,連江縣,
263,0,澎湖縣,
264,21,臺北市,2011年 1月
265,39,新北市,
266,8,桃園市,
267,0,基隆市,
268,3,新竹縣,
269,1,新竹市,
270,5,苗栗縣,
271,22,臺中市,
272,5,彰化縣,
273,11,南投縣,
274,12,雲林縣,
275,24,嘉義縣,
276,9,嘉義市,
277,35,臺南市,
278,137,高雄市,
279,44,屏東縣,
280,1,宜蘭縣,
281,2,花蓮縣,
282,1,臺東縣,
283,0,金門縣,
284,0,連江縣,
285,0,澎湖縣,
286,0,臺北市,2011年 2月
287,0,新北市,
288,0,桃園市,
289,0,基隆市,
290,0,新竹縣,
291,0,新竹市,
292,0,苗栗縣,
293,2,臺中市,
294,1,彰化縣,
295,2,南投縣,
296,3,雲林縣,
297,5,嘉義縣,
298,3,嘉義市,
299,11,臺南市,
300,19,高雄市,
301,8,屏東縣,
302,0,宜蘭縣,
303,0,花蓮縣,
304,0,臺東縣,
305,0,金門縣,
306,0,連江縣,
307,0,澎湖縣,
308,1,臺北市,2011年 3月
309,2,新北市,
310,0,桃園市,
311,0,基隆市,
312,0,新竹縣,
313,0,新竹市,
314,0,苗栗縣,
315,0,臺中市,
316,0,彰化縣,
317,0,南投縣,
318,0,雲林縣,
319,0,嘉義縣,
320,0,嘉義市,
321,0,臺南市,
322,0,高雄市,
323,0,屏東縣,
324,0,宜蘭縣,
325,0,花蓮縣,
326,0,臺東縣,
327,0,金門縣,
328,0,連江縣,
329,0,澎湖縣,
330,9,臺北市,2011年 4月
331,14,新北市,
332,6,桃園市,
333,0,基隆市,
334,3,新竹縣,
335,1,新竹市,
336,2,苗栗縣,
337,2,臺中市,
338,1,彰化縣,
339,2,南投縣,
340,2,雲林縣,
341,3,嘉義縣,
342,1,嘉義市,
343,5,臺南市,
344,21,高雄市,
345,6,屏東縣,
346,1,宜蘭縣,
347,2,花蓮縣,
348,0,臺東縣,
349,0,金門縣,
350,0,連江縣,
351,0,澎湖縣,
352,5,臺北市,2011年 5月
353,10,新北市,
354,1,桃園市,
355,0,基隆市,
356,0,新竹縣,
357,0,新竹市,
358,1,苗栗縣,
359,2,臺中市,
360,1,彰化縣,
361,1,南投縣,
362,1,雲林縣,
363,1,嘉義縣,
364,0,嘉義市,
365,1,臺南市,
366,5,高雄市,
367,4,屏東縣,
368,0,宜蘭縣,
369,0,花蓮縣,
370,0,臺東縣,
371,0,金門縣,
372,0,連江縣,
373,0,澎湖縣,
374,4,臺北市,2011年 6月
375,3,新北市,
376,1,桃園市,
377,0,基隆市,
378,0,新竹縣,
379,0,新竹市,
380,2,苗栗縣,
381,4,臺中市,
382,0,彰化縣,
383,2,南投縣,
384,0,雲林縣,
385,0,嘉義縣,
386,0,嘉義市,
387,1,臺南市,
388,8,高雄市,
389,3,屏東縣,
390,0,宜蘭縣,
391,0,花蓮縣,
392,0,臺東縣,
393,0,金門縣,
394,0,連江縣,
395,0,澎湖縣,
396,1,臺北市,2011年 7月
397,1,新北市,
398,0,桃園市,
399,0,基隆市,
400,0,新竹縣,
401,0,新竹市,
402,0,苗栗縣,
403,3,臺中市,
404,1,彰化縣,
405,0,南投縣,
406,0,雲林縣,
407,0,嘉義縣,
408,0,嘉義市,
409,0,臺南市,
410,7,高雄市,
411,2,屏東縣,
412,0,宜蘭縣,
413,0,花蓮縣,
414,0,臺東縣,
415,0,金門縣,
416,0,連江縣,
417,0,澎湖縣,
418,0,臺北市,2011年 8月
419,1,新北市,
420,0,桃園市,
421,0,基隆市,
422,0,新竹縣,
423,0,新竹市,
424,0,苗栗縣,
425,0,臺中市,
426,0,彰化縣,
427,0,南投縣,
428,0,雲林縣,
429,0,嘉義縣,
430,0,嘉義市,
431,0,臺南市,
432,6,高雄市,
433,0,屏東縣,
434,0,宜蘭縣,
435,0,花蓮縣,
436,0,臺東縣,
437,0,金門縣,
438,0,連江縣,
439,0,澎湖縣,
440,0,臺北市,2011年 9月
441,3,新北市,
442,0,桃園市,
443,0,基隆市,
444,0,新竹縣,
445,0,新竹市,
446,0,苗栗縣,
447,1,臺中市,
448,0,彰化縣,
449,1,南投縣,
450,0,雲林縣,
451,2,嘉義縣,
452,0,嘉義市,
453,0,臺南市,
454,6,高雄市,
455,2,屏東縣,
456,0,宜蘭縣,
457,0,花蓮縣,
458,1,臺東縣,
459,0,金門縣,
460,0,連江縣,
461,0,澎湖縣,
462,1,臺北市,2011年 10月
463,4,新北市,
464,0,桃園市,
465,0,基隆市,
466,0,新竹縣,
467,0,新竹市,
468,0,苗栗縣,
469,3,臺中市,
470,0,彰化縣,
471,0,南投縣,
472,2,雲林縣,
473,0,嘉義縣,
474,0,嘉義市,
475,0,臺南市,
476,6,高雄市,
477,1,屏東縣,
478,0,宜蘭縣,
479,0,花蓮縣,
480,0,臺東縣,
481,0,金門縣,
482,0,連江縣,
483,0,澎湖縣,
484,0,臺北市,2011年 11月
485,0,新北市,
486,0,桃園市,
487,0,基隆市,
488,0,新竹縣,
489,0,新竹市,
490,0,苗栗縣,
491,2,臺中市,
492,0,彰化縣,
493,1,南投縣,
494,2,雲林縣,
495,0,嘉義縣,
496,0,嘉義市,
497,4,臺南市,
498,27,高雄市,
499,9,屏東縣,
500,0,宜蘭縣,
501,0,花蓮縣,
502,0,臺東縣,
503,0,金門縣,
504,0,連江縣,
505,0,澎湖縣,
506,0,臺北市,2011年 12月
507,0,新北市,
508,0,桃園市,
509,0,基隆市,
510,0,新竹縣,
511,0,新竹市,
512,0,苗栗縣,
513,0,臺中市,
514,0,彰化縣,
515,0,南投縣,
516,1,雲林縣,
517,6,嘉義縣,
518,0,嘉義市,
519,2,臺南市,
520,14,高雄市,
521,5,屏東縣,
522,0,宜蘭縣,
523,0,花蓮縣,
524,0,臺東縣,
525,0,金門縣,
526,0,連江縣,
527,0,澎湖縣,
528,16,臺北市,2012年 1月
529,36,新北市,
530,2,桃園市,
531,0,基隆市,
532,1,新竹縣,
533,1,新竹市,
534,0,苗栗縣,
535,13,臺中市,
536,5,彰化縣,
537,12,南投縣,
538,8,雲林縣,
539,12,嘉義縣,
540,8,嘉義市,
541,17,臺南市,
542,106,高雄市,
543,47,屏東縣,
544,0,宜蘭縣,
545,0,花蓮縣,
546,1,臺東縣,
547,0,金門縣,
548,0,連江縣,
549,0,澎湖縣,
550,0,臺北市,2012年 2月
551,0,新北市,
552,0,桃園市,
553,0,基隆市,
554,0,新竹縣,
555,0,新竹市,
556,0,苗栗縣,
557,0,臺中市,
558,0,彰化縣,
559,0,南投縣,
560,0,雲林縣,
561,0,嘉義縣,
562,0,嘉義市,
563,0,臺南市,
564,0,高雄市,
565,3,屏東縣,
566,0,宜蘭縣,
567,0,花蓮縣,
568,0,臺東縣,
569,0,金門縣,
570,0,連江縣,
571,0,澎湖縣,
572,0,臺北市,2012年 3月
573,0,新北市,
574,0,桃園市,
575,0,基隆市,
576,0,新竹縣,
577,0,新竹市,
578,0,苗栗縣,
579,0,臺中市,
580,0,彰化縣,
581,2,南投縣,
582,1,雲林縣,
583,1,嘉義縣,
584,3,嘉義市,
585,9,臺南市,
586,15,高雄市,
587,5,屏東縣,
588,0,宜蘭縣,
589,0,花蓮縣,
590,0,臺東縣,
591,0,金門縣,
592,0,連江縣,
593,0,澎湖縣,
594,0,臺北市,2012年 4月
595,5,新北市,
596,0,桃園市,
597,0,基隆市,
598,0,新竹縣,
599,0,新竹市,
600,0,苗栗縣,
601,0,臺中市,
602,0,彰化縣,
603,2,南投縣,
604,0,雲林縣,
605,1,嘉義縣,
606,1,嘉義市,
607,0,臺南市,
608,17,高雄市,
609,8,屏東縣,
610,0,宜蘭縣,
611,0,花蓮縣,
612,0,臺東縣,
613,0,金門縣,
614,0,連江縣,
615,0,澎湖縣,
616,0,臺北市,2012年 5月
617,5,新北市,
618,0,桃園市,
619,0,基隆市,
620,0,新竹縣,
621,1,新竹市,
622,0,苗栗縣,
623,4,臺中市,
624,2,彰化縣,
625,4,南投縣,
626,4,雲林縣,
627,4,嘉義縣,
628,4,嘉義市,
629,3,臺南市,
630,15,高雄市,
631,3,屏東縣,
632,0,宜蘭縣,
633,0,花蓮縣,
634,0,臺東縣,
635,0,金門縣,
636,0,連江縣,
637,0,澎湖縣,
638,5,臺北市,2012年 6月
639,11,新北市,
640,0,桃園市,
641,0,基隆市,
642,0,新竹縣,
643,0,新竹市,
644,0,苗栗縣,
645,2,臺中市,
646,0,彰化縣,
647,0,南投縣,
648,2,雲林縣,
649,0,嘉義縣,
650,0,嘉義市,
651,0,臺南市,
652,4,高雄市,
653,2,屏東縣,
654,0,宜蘭縣,
655,0,花蓮縣,
656,0,臺東縣,
657,0,金門縣,
658,0,連江縣,
659,0,澎湖縣,
660,0,臺北市,2012年 7月
661,2,新北市,
662,0,桃園市,
663,0,基隆市,
664,0,新竹縣,
665,0,新竹市,
666,0,苗栗縣,
667,0,臺中市,
668,0,彰化縣,
669,0,南投縣,
670,0,雲林縣,
671,0,嘉義縣,
672,0,嘉義市,
673,0,臺南市,
674,0,高雄市,
675,1,屏東縣,
676,0,宜蘭縣,
677,0,花蓮縣,
678,0,臺東縣,
679,0,金門縣,
680,0,連江縣,
681,0,澎湖縣,
682,0,臺北市,2012年 8月
683,0,新北市,
684,0,桃園市,
685,0,基隆市,
686,1,新竹縣,
687,0,新竹市,
688,0,苗栗縣,
689,2,臺中市,
690,0,彰化縣,
691,0,南投縣,
692,0,雲林縣,
693,0,嘉義縣,
694,0,嘉義市,
695,0,臺南市,
696,2,高雄市,
697,1,屏東縣,
698,0,宜蘭縣,
699,0,花蓮縣,
700,0,臺東縣,
701,0,金門縣,
702,0,連江縣,
703,0,澎湖縣,
704,4,臺北市,2012年 9月
705,4,新北市,
706,0,桃園市,
707,0,基隆市,
708,0,新竹縣,
709,0,新竹市,
710,0,苗栗縣,
711,0,臺中市,
712,0,彰化縣,
713,0,南投縣,
714,0,雲林縣,
715,0,嘉義縣,
716,0,嘉義市,
717,0,臺南市,
718,1,高雄市,
719,2,屏東縣,
720,0,宜蘭縣,
721,0,花蓮縣,
722,0,臺東縣,
723,0,金門縣,
724,0,連江縣,
725,0,澎湖縣,
726,7,臺北市,2012年 10月
727,9,新北市,
728,2,桃園市,
729,0,基隆市,
730,0,新竹縣,
731,0,新竹市,
732,0,苗栗縣,
733,3,臺中市,
734,2,彰化縣,
735,2,南投縣,
736,0,雲林縣,
737,4,嘉義縣,
738,0,嘉義市,
739,1,臺南市,
740,19,高雄市,
741,8,屏東縣,
742,0,宜蘭縣,
743,0,花蓮縣,
744,1,臺東縣,
745,0,金門縣,
746,0,連江縣,
747,0,澎湖縣,
748,0,臺北市,2012年 11月
749,0,新北市,
750,0,桃園市,
751,0,基隆市,
752,0,新竹縣,
753,0,新竹市,
754,0,苗栗縣,
755,1,臺中市,
756,0,彰化縣,
757,1,南投縣,
758,0,雲林縣,
759,1,嘉義縣,
760,0,嘉義市,
761,2,臺南市,
762,17,高雄市,
763,11,屏東縣,
764,0,宜蘭縣,
765,0,花蓮縣,
766,0,臺東縣,
767,0,金門縣,
768,0,連江縣,
769,0,澎湖縣,
770,0,臺北市,2012年 12月
771,0,新北市,
772,0,桃園市,
773,0,基隆市,
774,0,新竹縣,
775,0,新竹市,
776,0,苗栗縣,
777,1,臺中市,
778,1,彰化縣,
779,1,南投縣,
780,0,雲林縣,
781,1,嘉義縣,
782,0,嘉義市,
783,2,臺南市,
784,15,高雄市,
785,2,屏東縣,
786,0,宜蘭縣,
787,0,花蓮縣,
788,0,臺東縣,
789,0,金門縣,
790,0,連江縣,
791,0,澎湖縣,
792,17,臺北市,2013年 1月
793,22,新北市,
794,2,桃園市,
795,0,基隆市,
796,2,新竹縣,
797,0,新竹市,
798,0,苗栗縣,
799,13,臺中市,
800,3,彰化縣,
801,7,南投縣,
802,6,雲林縣,
803,11,嘉義縣,
804,1,嘉義市,
805,10,臺南市,
806,75,高雄市,
807,30,屏東縣,
808,0,宜蘭縣,
809,0,花蓮縣,
810,1,臺東縣,
811,8,金門縣,
812,0,連江縣,
813,0,澎湖縣,
814,0,臺北市,2013年 2月
815,0,新北市,
816,0,桃園市,
817,0,基隆市,
818,0,新竹縣,
819,0,新竹市,
820,0,苗栗縣,
821,0,臺中市,
822,0,彰化縣,
823,0,南投縣,
824,0,雲林縣,
825,0,嘉義縣,
826,0,嘉義市,
827,0,臺南市,
828,4,高雄市,
829,0,屏東縣,
830,0,宜蘭縣,
831,0,花蓮縣,
832,0,臺東縣,
833,0,金門縣,
834,0,連江縣,
835,0,澎湖縣,
836,0,臺北市,2013年 3月
837,0,新北市,
838,0,桃園市,
839,0,基隆市,
840,0,新竹縣,
841,0,新竹市,
842,0,苗栗縣,
843,0,臺中市,
844,0,彰化縣,
845,0,南投縣,
846,0,雲林縣,
847,0,嘉義縣,
848,0,嘉義市,
849,0,臺南市,
850,2,高雄市,
851,0,屏東縣,
852,0,宜蘭縣,
853,0,花蓮縣,
854,0,臺東縣,
855,0,金門縣,
856,0,連江縣,
857,0,澎湖縣,
858,1,臺北市,2013年 4月
859,1,新北市,
860,0,桃園市,
861,0,基隆市,
862,0,新竹縣,
863,0,新竹市,
864,0,苗栗縣,
865,0,臺中市,
866,0,彰化縣,
867,0,南投縣,
868,0,雲林縣,
869,0,嘉義縣,
870,0,嘉義市,
871,1,臺南市,
872,7,高雄市,
873,4,屏東縣,
874,0,宜蘭縣,
875,0,花蓮縣,
876,0,臺東縣,
877,1,金門縣,
878,0,連江縣,
879,0,澎湖縣,
880,0,臺北市,2013年 5月
881,2,新北市,
882,0,桃園市,
883,0,基隆市,
884,0,新竹縣,
885,0,新竹市,
886,0,苗栗縣,
887,0,臺中市,
888,1,彰化縣,
889,0,南投縣,
890,0,雲林縣,
891,0,嘉義縣,
892,0,嘉義市,
893,0,臺南市,
894,2,高雄市,
895,0,屏東縣,
896,0,宜蘭縣,
897,0,花蓮縣,
898,0,臺東縣,
899,1,金門縣,
900,0,連江縣,
901,0,澎湖縣,
902,6,臺北市,2013年 6月
903,5,新北市,
904,0,桃園市,
905,0,基隆市,
906,1,新竹縣,
907,0,新竹市,
908,0,苗栗縣,
909,0,臺中市,
910,0,彰化縣,
911,0,南投縣,
912,1,雲林縣,
913,0,嘉義縣,
914,0,嘉義市,
915,1,臺南市,
916,9,高雄市,
917,6,屏東縣,
918,0,宜蘭縣,
919,0,花蓮縣,
920,0,臺東縣,
921,2,金門縣,
922,0,連江縣,
923,0,澎湖縣,
924,3,臺北市,2013年 7月
925,5,新北市,
926,0,桃園市,
927,0,基隆市,
928,0,新竹縣,
929,0,新竹市,
930,0,苗栗縣,
931,1,臺中市,
932,0,彰化縣,
933,0,南投縣,
934,0,雲林縣,
935,0,嘉義縣,
936,0,嘉義市,
937,0,臺南市,
938,2,高雄市,
939,1,屏東縣,
940,0,宜蘭縣,
941,0,花蓮縣,
942,1,臺東縣,
943,0,金門縣,
944,0,連江縣,
945,0,澎湖縣,
946,1,臺北市,2013年 8月
947,2,新北市,
948,1,桃園市,
949,0,基隆市,
950,0,新竹縣,
951,0,新竹市,
952,0,苗栗縣,
953,0,臺中市,
954,0,彰化縣,
955,0,南投縣,
956,0,雲林縣,
957,0,嘉義縣,
958,0,嘉義市,
959,0,臺南市,
960,1,高雄市,
961,0,屏東縣,
962,0,宜蘭縣,
963,0,花蓮縣,
964,0,臺東縣,
965,0,金門縣,
966,0,連江縣,
967,0,澎湖縣,
968,0,臺北市,2013年 9月
969,3,新北市,
970,0,桃園市,
971,0,基隆市,
972,0,新竹縣,
973,0,新竹市,
974,0,苗栗縣,
975,0,臺中市,
976,0,彰化縣,
977,0,南投縣,
978,0,雲林縣,
979,0,嘉義縣,
980,0,嘉義市,
981,0,臺南市,
982,0,高雄市,
983,0,屏東縣,
984,0,宜蘭縣,
985,0,花蓮縣,
986,0,臺東縣,
987,1,金門縣,
988,0,連江縣,
989,0,澎湖縣,
990,4,臺北市,2013年 10月
991,2,新北市,
992,0,桃園市,
993,0,基隆市,
994,1,新竹縣,
995,0,新竹市,
996,0,苗栗縣,
997,5,臺中市,
998,1,彰化縣,
999,2,南投縣,
1000,4,雲林縣,
1001,1,嘉義縣,
1002,0,嘉義市,
1003,4,臺南市,
1004,10,高雄市,
1005,4,屏東縣,
1006,0,宜蘭縣,
1007,0,花蓮縣,
1008,0,臺東縣,
1009,0,金門縣,
1010,0,連江縣,
1011,0,澎湖縣,
1012,0,臺北市,2013年 11月
1013,1,新北市,
1014,1,桃園市,
1015,0,基隆市,
1016,0,新竹縣,
1017,0,新竹市,
1018,0,苗栗縣,
1019,6,臺中市,
1020,1,彰化縣,
1021,3,南投縣,
1022,0,雲林縣,
1023,8,嘉義縣,
1024,1,嘉義市,
1025,3,臺南市,
1026,13,高雄市,
1027,10,屏東縣,
1028,0,宜蘭縣,
1029,0,花蓮縣,
1030,0,臺東縣,
1031,0,金門縣,
1032,0,連江縣,
1033,0,澎湖縣,
1034,2,臺北市,2013年 12月
1035,1,新北市,
1036,0,桃園市,
1037,0,基隆市,
1038,0,新竹縣,
1039,0,新竹市,
1040,0,苗栗縣,
1041,1,臺中市,
1042,0,彰化縣,
1043,2,南投縣,
1044,1,雲林縣,
1045,1,嘉義縣,
1046,0,嘉義市,
1047,1,臺南市,
1048,15,高雄市,
1049,4,屏東縣,
1050,0,宜蘭縣,
1051,0,花蓮縣,
1052,0,臺東縣,
1053,1,金門縣,
1054,0,連江縣,
1055,0,澎湖縣,
1056,9,臺北市,2014年 1月
1057,14,新北市,
1058,4,桃園市,
1059,0,基隆市,
1060,4,新竹縣,
1061,0,新竹市,
1062,0,苗栗縣,
1063,17,臺中市,
1064,3,彰化縣,
1065,9,南投縣,
1066,16,雲林縣,
1067,30,嘉義縣,
1068,6,嘉義市,
1069,45,臺南市,
1070,107,高雄市,
1071,43,屏東縣,
1072,0,宜蘭縣,
1073,0,花蓮縣,
1074,1,臺東縣,
1075,17,金門縣,
1076,7,連江縣,
1077,0,澎湖縣,
1078,0,臺北市,2014年 2月
1079,0,新北市,
1080,0,桃園市,
1081,0,基隆市,
1082,0,新竹縣,
1083,0,新竹市,
1084,0,苗栗縣,
1085,0,臺中市,
1086,0,彰化縣,
1087,0,南投縣,
1088,1,雲林縣,
1089,4,嘉義縣,
1090,0,嘉義市,
1091,2,臺南市,
1092,20,高雄市,
1093,4,屏東縣,
1094,0,宜蘭縣,
1095,0,花蓮縣,
1096,0,臺東縣,
1097,3,金門縣,
1098,1,連江縣,
1099,0,澎湖縣,
1100,0,臺北市,2014年 3月
1101,0,新北市,
1102,0,桃園市,
1103,0,基隆市,
1104,0,新竹縣,
1105,0,新竹市,
1106,0,苗栗縣,
1107,1,臺中市,
1108,1,彰化縣,
1109,2,南投縣,
1110,2,雲林縣,
1111,5,嘉義縣,
1112,1,嘉義市,
1113,6,臺南市,
1114,9,高雄市,
1115,4,屏東縣,
1116,0,宜蘭縣,
1117,0,花蓮縣,
1118,0,臺東縣,
1119,1,金門縣,
1120,0,連江縣,
1121,0,澎湖縣,
1122,0,臺北市,2014年 4月
1123,2,新北市,
1124,0,桃園市,
1125,0,基隆市,
1126,0,新竹縣,
1127,0,新竹市,
1128,0,苗栗縣,
1129,0,臺中市,
1130,0,彰化縣,
1131,0,南投縣,
1132,0,雲林縣,
1133,0,嘉義縣,
1134,0,嘉義市,
1135,0,臺南市,
1136,4,高雄市,
1137,0,屏東縣,
1138,0,宜蘭縣,
1139,0,花蓮縣,
1140,0,臺東縣,
1141,4,金門縣,
1142,1,連江縣,
1143,0,澎湖縣,
1144,0,臺北市,2014年 5月
1145,1,新北市,
1146,0,桃園市,
1147,0,基隆市,
1148,0,新竹縣,
1149,0,新竹市,
1150,0,苗栗縣,
1151,0,臺中市,
1152,0,彰化縣,
1153,0,南投縣,
1154,0,雲林縣,
1155,0,嘉義縣,
1156,0,嘉義市,
1157,0,臺南市,
1158,2,高雄市,
1159,1,屏東縣,
1160,0,宜蘭縣,
1161,0,花蓮縣,
1162,0,臺東縣,
1163,2,金門縣,
1164,1,連江縣,
1165,0,澎湖縣,
1166,3,臺北市,2014年 6月
1167,0,新北市,
1168,0,桃園市,
1169,0,基隆市,
1170,0,新竹縣,
1171,0,新竹市,
1172,0,苗栗縣,
1173,0,臺中市,
1174,0,彰化縣,
1175,0,南投縣,
1176,0,雲林縣,
1177,0,嘉義縣,
1178,0,嘉義市,
1179,0,臺南市,
1180,0,高雄市,
1181,0,屏東縣,
1182,0,宜蘭縣,
1183,0,花蓮縣,
1184,0,臺東縣,
1185,0,金門縣,
1186,0,連江縣,
1187,0,澎湖縣,
1188,1,臺北市,2014年 7月
1189,4,新北市,
1190,0,桃園市,
1191,0,基隆市,
1192,1,新竹縣,
1193,0,新竹市,
1194,0,苗栗縣,
1195,0,臺中市,
1196,0,彰化縣,
1197,0,南投縣,
1198,0,雲林縣,
1199,0,嘉義縣,
1200,0,嘉義市,
1201,0,臺南市,
1202,9,高雄市,
1203,1,屏東縣,
1204,0,宜蘭縣,
1205,0,花蓮縣,
1206,0,臺東縣,
1207,0,金門縣,
1208,0,連江縣,
1209,0,澎湖縣,
1210,2,臺北市,2014年 8月
1211,4,新北市,
1212,0,桃園市,
1213,0,基隆市,
1214,1,新竹縣,
1215,0,新竹市,
1216,0,苗栗縣,
1217,1,臺中市,
1218,0,彰化縣,
1219,1,南投縣,
1220,0,雲林縣,
1221,0,嘉義縣,
1222,0,嘉義市,
1223,0,臺南市,
1224,3,高雄市,
1225,0,屏東縣,
1226,0,宜蘭縣,
1227,0,花蓮縣,
1228,0,臺東縣,
1229,0,金門縣,
1230,0,連江縣,
1231,0,澎湖縣,
1232,0,臺北市,2014年 9月
1233,1,新北市,
1234,1,桃園市,
1235,0,基隆市,
1236,1,新竹縣,
1237,0,新竹市,
1238,0,苗栗縣,
1239,0,臺中市,
1240,0,彰化縣,
1241,0,南投縣,
1242,0,雲林縣,
1243,0,嘉義縣,
1244,0,嘉義市,
1245,0,臺南市,
1246,2,高雄市,
1247,0,屏東縣,
1248,0,宜蘭縣,
1249,0,花蓮縣,
1250,0,臺東縣,
1251,0,金門縣,
1252,0,連江縣,
1253,0,澎湖縣,
1254,0,臺北市,2014年 10月
1255,0,新北市,
1256,0,桃園市,
1257,0,基隆市,
1258,1,新竹縣,
1259,0,新竹市,
1260,0,苗栗縣,
1261,12,臺中市,
1262,0,彰化縣,
1263,4,南投縣,
1264,2,雲林縣,
1265,0,嘉義縣,
1266,0,嘉義市,
1267,5,臺南市,
1268,17,高雄市,
1269,10,屏東縣,
1270,0,宜蘭縣,
1271,0,花蓮縣,
1272,0,臺東縣,
1273,0,金門縣,
1274,0,連江縣,
1275,0,澎湖縣,
1276,0,臺北市,2014年 11月
1277,0,新北市,
1278,0,桃園市,
1279,0,基隆市,
1280,0,新竹縣,
1281,0,新竹市,
1282,0,苗栗縣,
1283,1,臺中市,
1284,0,彰化縣,
1285,2,南投縣,
1286,4,雲林縣,
1287,8,嘉義縣,
1288,1,嘉義市,
1289,10,臺南市,
1290,11,高雄市,
1291,10,屏東縣,
1292,0,宜蘭縣,
1293,0,花蓮縣,
1294,1,臺東縣,
1295,0,金門縣,
1296,0,連江縣,
1297,0,澎湖縣,
1298,2,臺北市,2014年 12月
1299,1,新北市,
1300,2,桃園市,
1301,0,基隆市,
1302,0,新竹縣,
1303,0,新竹市,
1304,0,苗栗縣,
1305,2,臺中市,
1306,1,彰化縣,
1307,0,南投縣,
1308,5,雲林縣,
1309,10,嘉義縣,
1310,3,嘉義市,
1311,15,臺南市,
1312,16,高雄市,
1313,9,屏東縣,
1314,0,宜蘭縣,
1315,0,花蓮縣,
1316,0,臺東縣,
1317,1,金門縣,
1318,1,連江縣,
1319,0,澎湖縣,
1320,13,臺北市,2015年 1月
1321,30,新北市,
1322,3,桃園市,
1323,0,基隆市,
1324,3,新竹縣,
1325,0,新竹市,
1326,1,苗栗縣,
1327,7,臺中市,
1328,3,彰化縣,
1329,7,南投縣,
1330,11,雲林縣,
1331,16,嘉義縣,
1332,5,嘉義市,
1333,29,臺南市,
1334,102,高雄市,
1335,46,屏東縣,
1336,0,宜蘭縣,
1337,0,花蓮縣,
1338,0,臺東縣,
1339,8,金門縣,
1340,4,連江縣,
1341,0,澎湖縣,
1342,2,臺北市,2015年 2月
1343,2,新北市,
1344,2,桃園市,
1345,0,基隆市,
1346,0,新竹縣,
1347,0,新竹市,
1348,0,苗栗縣,
1349,0,臺中市,
1350,2,彰化縣,
1351,0,南投縣,
1352,5,雲林縣,
1353,8,嘉義縣,
1354,3,嘉義市,
1355,16,臺南市,
1356,26,高雄市,
1357,7,屏東縣,
1358,0,宜蘭縣,
1359,0,花蓮縣,
1360,0,臺東縣,
1361,7,金門縣,
1362,3,連江縣,
1363,0,澎湖縣,
1364,0,臺北市,2015年 3月
1365,0,新北市,
1366,0,桃園市,
1367,0,基隆市,
1368,0,新竹縣,
1369,0,新竹市,
1370,0,苗栗縣,
1371,0,臺中市,
1372,0,彰化縣,
1373,0,南投縣,
1374,0,雲林縣,
1375,0,嘉義縣,
1376,0,嘉義市,
1377,0,臺南市,
1378,4,高雄市,
1379,1,屏東縣,
1380,0,宜蘭縣,
1381,0,花蓮縣,
1382,0,臺東縣,
1383,0,金門縣,
1384,0,連江縣,
1385,0,澎湖縣,
1386,0,臺北市,2015年 4月
1387,0,新北市,
1388,0,桃園市,
1389,0,基隆市,
1390,0,新竹縣,
1391,0,新竹市,
1392,0,苗栗縣,
1393,1,臺中市,
1394,0,彰化縣,
1395,0,南投縣,
1396,0,雲林縣,
1397,2,嘉義縣,
1398,1,嘉義市,
1399,3,臺南市,
1400,6,高雄市,
1401,5,屏東縣,
1402,0,宜蘭縣,
1403,0,花蓮縣,
1404,0,臺東縣,
1405,0,金門縣,
1406,0,連江縣,
1407,0,澎湖縣,
1408,1,臺北市,2015年 5月
1409,4,新北市,
1410,1,桃園市,
1411,0,基隆市,
1412,0,新竹縣,
1413,0,新竹市,
1414,0,苗栗縣,
1415,0,臺中市,
1416,0,彰化縣,
1417,0,南投縣,
1418,0,雲林縣,
1419,0,嘉義縣,
1420,0,嘉義市,
1421,0,臺南市,
1422,6,高雄市,
1423,2,屏東縣,
1424,0,宜蘭縣,
1425,0,花蓮縣,
1426,0,臺東縣,
1427,0,金門縣,
1428,0,連江縣,
1429,0,澎湖縣,
1430,0,臺北市,2015年 6月
1431,0,新北市,
1432,0,桃園市,
1433,0,基隆市,
1434,0,新竹縣,
1435,0,新竹市,
1436,0,苗栗縣,
1437,0,臺中市,
1438,0,彰化縣,
1439,0,南投縣,
1440,0,雲林縣,
1441,0,嘉義縣,
1442,0,嘉義市,
1443,0,臺南市,
1444,6,高雄市,
1445,4,屏東縣,
1446,0,宜蘭縣,
1447,0,花蓮縣,
1448,0,臺東縣,
1449,0,金門縣,
1450,0,連江縣,
1451,0,澎湖縣,
1452,0,臺北市,2015年 7月
1453,0,新北市,
1454,0,桃園市,
1455,0,基隆市,
1456,0,新竹縣,
1457,0,新竹市,
1458,0,苗栗縣,
1459,0,臺中市,
1460,0,彰化縣,
1461,0,南投縣,
1462,0,雲林縣,
1463,0,嘉義縣,
1464,0,嘉義市,
1465,0,臺南市,
1466,0,高雄市,
1467,1,屏東縣,
1468,0,宜蘭縣,
1469,0,花蓮縣,
1470,0,臺東縣,
1471,0,金門縣,
1472,0,連江縣,
1473,0,澎湖縣,
1474,3,臺北市,2015年 8月
1475,2,新北市,
1476,0,桃園市,
1477,0,基隆市,
1478,0,新竹縣,
1479,0,新竹市,
1480,0,苗栗縣,
1481,4,臺中市,
1482,1,彰化縣,
1483,1,南投縣,
1484,0,雲林縣,
1485,0,嘉義縣,
1486,0,嘉義市,
1487,0,臺南市,
1488,0,高雄市,
1489,2,屏東縣,
1490,0,宜蘭縣,
1491,0,花蓮縣,
1492,0,臺東縣,
1493,0,金門縣,
1494,0,連江縣,
1495,0,澎湖縣,
1496,4,臺北市,2015年 9月
1497,8,新北市,
1498,0,桃園市,
1499,0,基隆市,
1500,0,新竹縣,
1501,0,新竹市,
1502,0,苗栗縣,
1503,0,臺中市,
1504,0,彰化縣,
1505,0,南投縣,
1506,0,雲林縣,
1507,0,嘉義縣,
1508,0,嘉義市,
1509,0,臺南市,
1510,0,高雄市,
1511,0,屏東縣,
1512,0,宜蘭縣,
1513,0,花蓮縣,
1514,0,臺東縣,
1515,0,金門縣,
1516,0,連江縣,
1517,0,澎湖縣,
1518,2,臺北市,2015年 10月
1519,6,新北市,
1520,0,桃園市,
1521,0,基隆市,
1522,2,新竹縣,
1523,0,新竹市,
1524,1,苗栗縣,
1525,2,臺中市,
1526,0,彰化縣,
1527,1,南投縣,
1528,0,雲林縣,
1529,1,嘉義縣,
1530,0,嘉義市,
1531,5,臺南市,
1532,5,高雄市,
1533,3,屏東縣,
1534,0,宜蘭縣,
1535,0,花蓮縣,
1536,0,臺東縣,
1537,0,金門縣,
1538,0,連江縣,
1539,0,澎湖縣,
1540,1,臺北市,2015年 11月
1541,5,新北市,
1542,0,桃園市,
1543,0,基隆市,
1544,1,新竹縣,
1545,0,新竹市,
1546,0,苗栗縣,
1547,0,臺中市,
1548,0,彰化縣,
1549,5,南投縣,
1550,1,雲林縣,
1551,2,嘉義縣,
1552,1,嘉義市,
1553,4,臺南市,
1554,29,高雄市,
1555,16,屏東縣,
1556,0,宜蘭縣,
1557,0,花蓮縣,
1558,0,臺東縣,
1559,0,金門縣,
1560,1,連江縣,
1561,0,澎湖縣,
1562,0,臺北市,2015年 12月
1563,3,新北市,
1564,0,桃園市,
1565,0,基隆市,
1566,0,新竹縣,
1567,0,新竹市,
1568,0,苗栗縣,
1569,0,臺中市,
1570,0,彰化縣,
1571,0,南投縣,
1572,1,雲林縣,
1573,0,嘉義縣,
1574,0,嘉義市,
1575,0,臺南市,
1576,11,高雄市,
1577,4,屏東縣,
1578,0,宜蘭縣,
1579,0,花蓮縣,
1580,0,臺東縣,
1581,0,金門縣,
1582,0,連江縣,
1583,0,澎湖縣,
1584,8,臺北市,2016年 1月
1585,16,新北市,
1586,2,桃園市,
1587,0,基隆市,
1588,2,新竹縣,
1589,2,新竹市,
1590,3,苗栗縣,
1591,17,臺中市,
1592,2,彰化縣,
1593,4,南投縣,
1594,6,雲林縣,
1595,6,嘉義縣,
1596,2,嘉義市,
1597,0,臺南市,
1598,38,高雄市,
1599,16,屏東縣,
1600,0,宜蘭縣,
1601,0,花蓮縣,
1602,0,臺東縣,
1603,5,金門縣,
1604,1,連江縣,
1605,0,澎湖縣,
1606,0,臺北市,2016年 2月
1607,0,新北市,
1608,0,桃園市,
1609,0,基隆市,
1610,0,新竹縣,
1611,0,新竹市,
1612,0,苗栗縣,
1613,0,臺中市,
1614,0,彰化縣,
1615,0,南投縣,
1616,0,雲林縣,
1617,0,嘉義縣,
1618,0,嘉義市,
1619,0,臺南市,
1620,1,高雄市,
1621,0,屏東縣,
1622,0,宜蘭縣,
1623,0,花蓮縣,
1624,0,臺東縣,
1625,5,金門縣,
1626,1,連江縣,
1627,0,澎湖縣,
1628,0,臺北市,2016年 3月
1629,0,新北市,
1630,0,桃園市,
1631,0,基隆市,
1632,0,新竹縣,
1633,0,新竹市,
1634,0,苗栗縣,
1635,0,臺中市,
1636,0,彰化縣,
1637,0,南投縣,
1638,2,雲林縣,
1639,2,嘉義縣,
1640,0,嘉義市,
1641,0,臺南市,
1642,8,高雄市,
1643,1,屏東縣,
1644,0,宜蘭縣,
1645,0,花蓮縣,
1646,0,臺東縣,
1647,0,金門縣,
1648,0,連江縣,
1649,0,澎湖縣,
1650,0,臺北市,2016年 4月
1651,0,新北市,
1652,0,桃園市,
1653,0,基隆市,
1654,0,新竹縣,
1655,0,新竹市,
1656,0,苗栗縣,
1657,0,臺中市,
1658,1,彰化縣,
1659,1,南投縣,
1660,2,雲林縣,
1661,0,嘉義縣,
1662,0,嘉義市,
1663,0,臺南市,
1664,2,高雄市,
1665,0,屏東縣,
1666,0,宜蘭縣,
1667,0,花蓮縣,
1668,0,臺東縣,
1669,0,金門縣,
1670,0,連江縣,
1671,0,澎湖縣,
1672,1,臺北市,2016年 5月
1673,0,新北市,
1674,0,桃園市,
1675,0,基隆市,
1676,0,新竹縣,
1677,0,新竹市,
1678,0,苗栗縣,
1679,0,臺中市,
1680,0,彰化縣,
1681,0,南投縣,
1682,0,雲林縣,
1683,0,嘉義縣,
1684,0,嘉義市,
1685,0,臺南市,
1686,0,高雄市,
1687,3,屏東縣,
1688,0,宜蘭縣,
1689,0,花蓮縣,
1690,0,臺東縣,
1691,0,金門縣,
1692,0,連江縣,
1693,0,澎湖縣,
1694,0,臺北市,2016年 6月
1695,1,新北市,
1696,0,桃園市,
1697,0,基隆市,
1698,0,新竹縣,
1699,0,新竹市,
1700,0,苗栗縣,
1701,0,臺中市,
1702,0,彰化縣,
1703,0,南投縣,
1704,0,雲林縣,
1705,0,嘉義縣,
1706,0,嘉義市,
1707,0,臺南市,
1708,0,高雄市,
1709,0,屏東縣,
1710,0,宜蘭縣,
1711,0,花蓮縣,
1712,0,臺東縣,
1713,0,金門縣,
1714,0,連江縣,
1715,0,澎湖縣,
1716,0,臺北市,2016年 7月
1717,0,新北市,
1718,0,桃園市,
1719,0,基隆市,
1720,0,新竹縣,
1721,0,新竹市,
1722,0,苗栗縣,
1723,0,臺中市,
1724,0,彰化縣,
1725,0,南投縣,
1726,0,雲林縣,
1727,0,嘉義縣,
1728,0,嘉義市,
1729,0,臺南市,
1730,0,高雄市,
1731,0,屏東縣,
1732,0,宜蘭縣,
1733,0,花蓮縣,
1734,0,臺東縣,
1735,0,金門縣,
1736,0,連江縣,
1737,0,澎湖縣,
1738,5,臺北市,2016年 8月
1739,6,新北市,
1740,1,桃園市,
1741,0,基隆市,
1742,0,新竹縣,
1743,0,新竹市,
1744,0,苗栗縣,
1745,0,臺中市,
1746,0,彰化縣,
1747,0,南投縣,
1748,0,雲林縣,
1749,0,嘉義縣,
1750,0,嘉義市,
1751,0,臺南市,
1752,0,高雄市,
1753,1,屏東縣,
1754,0,宜蘭縣,
1755,0,花蓮縣,
1756,0,臺東縣,
1757,0,金門縣,
1758,0,連江縣,
1759,0,澎湖縣,
1760,0,臺北市,2016年 9月
1761,1,新北市,
1762,0,桃園市,
1763,0,基隆市,
1764,0,新竹縣,
1765,0,新竹市,
1766,1,苗栗縣,
1767,9,臺中市,
1768,0,彰化縣,
1769,1,南投縣,
1770,0,雲林縣,
1771,0,嘉義縣,
1772,0,嘉義市,
1773,0,臺南市,
1774,0,高雄市,
1775,2,屏東縣,
1776,0,宜蘭縣,
1777,0,花蓮縣,
1778,0,臺東縣,
1779,0,金門縣,
1780,0,連江縣,
1781,0,澎湖縣,
1782,1,臺北市,2016年 10月
1783,4,新北市,
1784,0,桃園市,
1785,0,基隆市,
1786,1,新竹縣,
1787,1,新竹市,
1788,2,苗栗縣,
1789,6,臺中市,
1790,1,彰化縣,
1791,2,南投縣,
1792,0,雲林縣,
1793,3,嘉義縣,
1794,2,嘉義市,
1795,0,臺南市,
1796,4,高雄市,
1797,2,屏東縣,
1798,0,宜蘭縣,
1799,0,花蓮縣,
1800,0,臺東縣,
1801,0,金門縣,
1802,0,連江縣,
1803,0,澎湖縣,
1804,1,臺北市,2016年 11月
1805,2,新北市,
1806,0,桃園市,
1807,0,基隆市,
1808,0,新竹縣,
1809,0,新竹市,
1810,0,苗栗縣,
1811,0,臺中市,
1812,0,彰化縣,
1813,0,南投縣,
1814,0,雲林縣,
1815,0,嘉義縣,
1816,0,嘉義市,
1817,0,臺南市,
1818,13,高雄市,
1819,3,屏東縣,
1820,0,宜蘭縣,
1821,0,花蓮縣,
1822,0,臺東縣,
1823,0,金門縣,
1824,0,連江縣,
1825,0,澎湖縣,
1826,0,臺北市,2016年 12月
1827,2,新北市,
1828,1,桃園市,
1829,0,基隆市,
1830,1,新竹縣,
1831,1,新竹市,
1832,0,苗栗縣,
1833,2,臺中市,
1834,0,彰化縣,
1835,0,南投縣,
1836,1,雲林縣,
1837,0,嘉義縣,
1838,0,嘉義市,
1839,0,臺南市,
1840,9,高雄市,
1841,3,屏東縣,
1842,0,宜蘭縣,
1843,0,花蓮縣,
1844,0,臺東縣,
1845,0,金門縣,
1846,0,連江縣,
1847,0,澎湖縣,
1848,0,臺北市,2017年 1月
1849,165,新北市,
1850,18,桃園市,
1851,21,基隆市,
1852,6,新竹縣,
1853,0,新竹市,
1854,3,苗栗縣,
1855,1,臺中市,
1856,2,彰化縣,
1857,13,南投縣,
1858,2,雲林縣,
1859,3,嘉義縣,
1860,4,嘉義市,
1861,9,臺南市,
1862,1,高雄市,
1863,8,屏東縣,
1864,50,宜蘭縣,
1865,20,花蓮縣,
1866,0,臺東縣,
1867,0,金門縣,
1868,1,連江縣,
1869,2,澎湖縣,
1870,1,臺北市,2017年 2月
1871,0,新北市,
1872,0,桃園市,
1873,0,基隆市,
1874,0,新竹縣,
1875,0,新竹市,
1876,0,苗栗縣,
1877,0,臺中市,
1878,0,彰化縣,
1879,0,南投縣,
1880,0,雲林縣,
1881,0,嘉義縣,
1882,0,嘉義市,
1883,0,臺南市,
1884,0,高雄市,
1885,0,屏東縣,
1886,0,宜蘭縣,
1887,0,花蓮縣,
1888,0,臺東縣,
1889,0,金門縣,
1890,0,連江縣,
1891,0,澎湖縣,
1892,0,臺北市,2017年 3月
1893,0,新北市,
1894,0,桃園市,
1895,4,基隆市,
1896,0,新竹縣,
1897,0,新竹市,
1898,0,苗栗縣,
1899,0,臺中市,
1900,0,彰化縣,
1901,0,南投縣,
1902,0,雲林縣,
1903,0,嘉義縣,
1904,0,嘉義市,
1905,0,臺南市,
1906,0,高雄市,
1907,1,屏東縣,
1908,0,宜蘭縣,
1909,0,花蓮縣,
1910,0,臺東縣,
1911,0,金門縣,
1912,0,連江縣,
1913,0,澎湖縣,
1914,0,臺北市,2017年 4月
1915,2,新北市,
1916,1,桃園市,
1917,0,基隆市,
1918,8,新竹縣,
1919,0,新竹市,
1920,0,苗栗縣,
1921,0,臺中市,
1922,0,彰化縣,
1923,0,南投縣,
1924,0,雲林縣,
1925,0,嘉義縣,
1926,0,嘉義市,
1927,0,臺南市,
1928,0,高雄市,
1929,0,屏東縣,
1930,0,宜蘭縣,
1931,0,花蓮縣,
1932,0,臺東縣,
1933,7,金門縣,
1934,1,連江縣,
1935,0,澎湖縣,
1936,0,臺北市,2017年 5月
1937,0,新北市,
1938,0,桃園市,
1939,0,基隆市,
1940,0,新竹縣,
1941,19,新竹市,
1942,1,苗栗縣,
1943,2,臺中市,
1944,0,彰化縣,
1945,0,南投縣,
1946,0,雲林縣,
1947,0,嘉義縣,
1948,0,嘉義市,
1949,2,臺南市,
1950,1,高雄市,
1951,1,屏東縣,
1952,3,宜蘭縣,
1953,3,花蓮縣,
1954,1,臺東縣,
1955,0,金門縣,
1956,3,連江縣,
1957,2,澎湖縣,
1958,0,臺北市,2017年 6月
1959,0,新北市,
1960,0,桃園市,
1961,0,基隆市,
1962,0,新竹縣,
1963,0,新竹市,
1964,15,苗栗縣,
1965,5,臺中市,
1966,3,彰化縣,
1967,2,南投縣,
1968,0,雲林縣,
1969,1,嘉義縣,
1970,0,嘉義市,
1971,0,臺南市,
1972,0,高雄市,
1973,0,屏東縣,
1974,0,宜蘭縣,
1975,0,花蓮縣,
1976,0,臺東縣,
1977,0,金門縣,
1978,0,連江縣,
1979,2,澎湖縣,
1980,2,臺北市,2017年 7月
1981,0,新北市,
1982,0,桃園市,
1983,0,基隆市,
1984,0,新竹縣,
1985,0,新竹市,
1986,0,苗栗縣,
1987,3,臺中市,
1988,1,彰化縣,
1989,2,南投縣,
1990,0,雲林縣,
1991,0,嘉義縣,
1992,0,嘉義市,
1993,0,臺南市,
1994,0,高雄市,
1995,0,屏東縣,
1996,0,宜蘭縣,
1997,0,花蓮縣,
1998,0,臺東縣,
1999,0,金門縣,
2000,0,連江縣,
2001,0,澎湖縣,
2002,0,臺北市,2017年 8月
2003,0,新北市,
2004,0,桃園市,
2005,0,基隆市,
2006,0,新竹縣,
2007,0,新竹市,
2008,0,苗栗縣,
2009,0,臺中市,
2010,9,彰化縣,
2011,3,南投縣,
2012,1,雲林縣,
2013,3,嘉義縣,
2014,0,嘉義市,
2015,0,臺南市,
2016,0,高雄市,
2017,0,屏東縣,
2018,1,宜蘭縣,
2019,0,花蓮縣,
2020,0,臺東縣,
2021,0,金門縣,
2022,0,連江縣,
2023,0,澎湖縣,
2024,0,臺北市,2017年 9月
2025,0,新北市,
2026,0,桃園市,
2027,0,基隆市,
2028,0,新竹縣,
2029,1,新竹市,
2030,0,苗栗縣,
2031,0,臺中市,
2032,0,彰化縣,
2033,10,南投縣,
2034,4,雲林縣,
2035,5,嘉義縣,
2036,0,嘉義市,
2037,0,臺南市,
2038,0,高雄市,
2039,0,屏東縣,
2040,0,宜蘭縣,
2041,0,花蓮縣,
2042,0,臺東縣,
2043,0,金門縣,
2044,0,連江縣,
2045,0,澎湖縣,
2046,0,臺北市,2017年 10月
2047,0,新北市,
2048,1,桃園市,
2049,0,基隆市,
2050,0,新竹縣,
2051,0,新竹市,
2052,0,苗栗縣,
2053,0,臺中市,
2054,0,彰化縣,
2055,0,南投縣,
2056,25,雲林縣,
2057,0,嘉義縣,
2058,0,嘉義市,
2059,0,臺南市,
2060,0,高雄市,
2061,0,屏東縣,
2062,0,宜蘭縣,
2063,0,花蓮縣,
2064,0,臺東縣,
2065,0,金門縣,
2066,0,連江縣,
2067,0,澎湖縣,
2068,2,臺北市,2017年 11月
2069,0,新北市,
2070,5,桃園市,
2071,15,基隆市,
2072,3,新竹縣,
2073,0,新竹市,
2074,0,苗栗縣,
2075,0,臺中市,
2076,0,彰化縣,
2077,0,南投縣,
2078,0,雲林縣,
2079,37,嘉義縣,
2080,3,嘉義市,
2081,4,臺南市,
2082,1,高雄市,
2083,0,屏東縣,
2084,2,宜蘭縣,
2085,1,花蓮縣,
2086,2,臺東縣,
2087,10,金門縣,
2088,1,連江縣,
2089,0,澎湖縣,
2090,0,臺北市,2017年 12月
2091,1,新北市,
2092,0,桃園市,
2093,2,基隆市,
2094,5,新竹縣,
2095,5,新竹市,
2096,0,苗栗縣,
2097,0,臺中市,
2098,0,彰化縣,
2099,0,南投縣,
2100,0,雲林縣,
2101,0,嘉義縣,
2102,28,嘉義市,
2103,1,臺南市,
2104,4,高雄市,
2105,0,屏東縣,
2106,0,宜蘭縣,
2107,0,花蓮縣,
2108,0,臺東縣,
2109,0,金門縣,
2110,0,連江縣,
2111,0,澎湖縣,
2112,0,臺北市,2018年 1月
2113,1,新北市,
2114,1,桃園市,
2115,1,基隆市,
2116,0,新竹縣,
2117,0,新竹市,
2118,2,苗栗縣,
2119,2,臺中市,
2120,0,彰化縣,
2121,0,南投縣,
2122,0,雲林縣,
2123,0,嘉義縣,
2124,0,嘉義市,
2125,0,臺南市,
2126,85,高雄市,
2127,258,屏東縣,
2128,118,宜蘭縣,
2129,16,花蓮縣,
2130,60,臺東縣,
2131,28,金門縣,
2132,63,連江縣,
2133,270,澎湖縣,
2134,111,臺北市,2018年 2月
2135,193,新北市,
2136,196,桃園市,
2137,170,基隆市,
2138,109,新竹縣,
2139,367,新竹市,
2140,849,苗栗縣,
2141,256,臺中市,
2142,11,彰化縣,
2143,5,南投縣,
2144,1,雲林縣,
2145,82,嘉義縣,
2146,67,嘉義市,
2147,19,臺南市,
2148,5,高雄市,
2149,19,屏東縣,
2150,6,宜蘭縣,
2151,0,花蓮縣,
2152,3,臺東縣,
2153,3,金門縣,
2154,4,連江縣,
2155,19,澎湖縣,
2156,6,臺北市,2018年 3月
2157,24,新北市,
2158,23,桃園市,
2159,17,基隆市,
2160,13,新竹縣,
2161,55,新竹市,
2162,145,苗栗縣,
2163,40,臺中市,
2164,0,彰化縣,
2165,0,南投縣,
2166,0,雲林縣,
2167,13,嘉義縣,
2168,5,嘉義市,
2169,1,臺南市,
2170,10,高雄市,
2171,22,屏東縣,
2172,16,宜蘭縣,
2173,2,花蓮縣,
2174,7,臺東縣,
2175,4,金門縣,
2176,5,連江縣,
2177,28,澎湖縣,
2178,12,臺北市,2018年 4月
2179,28,新北市,
2180,21,桃園市,
2181,18,基隆市,
2182,15,新竹縣,
2183,49,新竹市,
2184,99,苗栗縣,
2185,31,臺中市,
2186,2,彰化縣,
2187,0,南投縣,
2188,0,雲林縣,
2189,8,嘉義縣,
2190,6,嘉義市,
2191,1,臺南市,
2192,10,高雄市,
2193,45,屏東縣,
2194,14,宜蘭縣,
2195,4,花蓮縣,
2196,7,臺東縣,
2197,4,金門縣,
2198,7,連江縣,
2199,42,澎湖縣,
2200,19,臺北市,2018年 5月
2201,40,新北市,
2202,36,桃園市,
2203,31,基隆市,
2204,21,新竹縣,
2205,72,新竹市,
2206,128,苗栗縣,
2207,36,臺中市,
2208,2,彰化縣,
2209,1,南投縣,
2210,0,雲林縣,
2211,9,嘉義縣,
2212,10,嘉義市,
2213,2,臺南市,
2214,16,高雄市,
2215,57,屏東縣,
2216,29,宜蘭縣,
2217,4,花蓮縣,
2218,11,臺東縣,
2219,3,金門縣,
2220,15,連江縣,
2221,52,澎湖縣,
2222,20,臺北市,2018年 6月
2223,23,新北市,
2224,20,桃園市,
2225,19,基隆市,
2226,13,新竹縣,
2227,38,新竹市,
2228,60,苗栗縣,
2229,14,臺中市,
2230,2,彰化縣,
2231,2,南投縣,
2232,0,雲林縣,
2233,10,嘉義縣,
2234,9,嘉義市,
2235,8,臺南市,
2236,4,高雄市,
2237,13,屏東縣,
2238,4,宜蘭縣,
2239,0,花蓮縣,
2240,2,臺東縣,
2241,0,金門縣,
2242,1,連江縣,
2243,29,澎湖縣,
2244,12,臺北市,2018年 7月
2245,10,新北市,
2246,21,桃園市,
2247,13,基隆市,
2248,8,新竹縣,
2249,23,新竹市,
2250,50,苗栗縣,
2251,11,臺中市,
2252,0,彰化縣,
2253,0,南投縣,
2254,0,雲林縣,
2255,9,嘉義縣,
2256,5,嘉義市,
2257,2,臺南市,
2258,5,高雄市,
2259,7,屏東縣,
2260,0,宜蘭縣,
2261,0,花蓮縣,
2262,0,臺東縣,
2263,0,金門縣,
2264,0,連江縣,
2265,2,澎湖縣,
2266,0,臺北市,2018年 8月
2267,0,新北市,
2268,0,桃園市,
2269,0,基隆市,
2270,0,新竹縣,
2271,0,新竹市,
2272,1,苗栗縣,
2273,1,臺中市,
2274,0,彰化縣,
2275,0,南投縣,
2276,0,雲林縣,
2277,0,嘉義縣,
2278,0,嘉義市,
2279,0,臺南市,
2280,4,高雄市,
2281,13,屏東縣,
2282,2,宜蘭縣,
2283,1,花蓮縣,
2284,1,臺東縣,
2285,0,金門縣,
2286,0,連江縣,
2287,4,澎湖縣,
2288,2,臺北市,2018年 9月
2289,3,新北市,
2290,4,桃園市,
2291,2,基隆市,
2292,0,新竹縣,
2293,2,新竹市,
2294,9,苗栗縣,
2295,5,臺中市,
2296,0,彰化縣,
2297,0,南投縣,
2298,0,雲林縣,
2299,0,嘉義縣,
2300,2,嘉義市,
2301,0,臺南市,
2302,9,高雄市,
2303,18,屏東縣,
2304,5,宜蘭縣,
2305,1,花蓮縣,
2306,2,臺東縣,
2307,1,金門縣,
2308,1,連江縣,
2309,11,澎湖縣,
2310,3,臺北市,2018年 10月
2311,4,新北市,
2312,3,桃園市,
2313,0,基隆市,
2314,0,新竹縣,
2315,0,新竹市,
2316,4,苗栗縣,
2317,5,臺中市,
2318,1,彰化縣,
2319,0,南投縣,
2320,0,雲林縣,
2321,1,嘉義縣,
2322,0,嘉義市,
2323,0,臺南市,
2324,11,高雄市,
2325,24,屏東縣,
2326,15,宜蘭縣,
2327,1,花蓮縣,
2328,12,臺東縣,
2329,5,金門縣,
2330,11,連江縣,
2331,32,澎湖縣,
2332,14,臺北市,2018年 11月
2333,10,新北市,
2334,13,桃園市,
2335,15,基隆市,
2336,8,新竹縣,
2337,19,新竹市,
2338,37,苗栗縣,
2339,17,臺中市,
2340,2,彰化縣,
2341,1,南投縣,
2342,0,雲林縣,
2343,4,嘉義縣,
2344,4,嘉義市,
2345,0,臺南市,
2346,2,高雄市,
2347,14,屏東縣,
2348,4,宜蘭縣,
2349,1,花蓮縣,
2350,4,臺東縣,
2351,2,金門縣,
2352,11,連江縣,
2353,25,澎湖縣,
2354,8,臺北市,2018年 12月
2355,16,新北市,
2356,20,桃園市,
2357,22,基隆市,
2358,12,新竹縣,
2359,40,新竹市,
2360,94,苗栗縣,
2361,28,臺中市,
2362,0,彰化縣,
2363,0,南投縣,
2364,0,雲林縣,
2365,7,嘉義縣,
2366,6,嘉義市,
2367,2,臺南市,
2368,1,高雄市,
2369,5,屏東縣,
2370,9,宜蘭縣,
2371,0,花蓮縣,
2372,3,臺東縣,
2373,2,金門縣,
2374,2,連江縣,
2375,10,澎湖縣,
2376,4,,
2377,18,,
2378,13,,
2379,11,,
2380,10,,
2381,33,,
2382,102,,
2383,39,,
2384,0,,
2385,0,,
2386,0,,
2387,5,,
2388,7,,
2389,2,,
2390,8,,
2391,21,,
2392,14,,
2393,2,,
2394,8,,
2395,4,,
2396,6,,
2397,16,,
2398,11,,
2399,17,,
2400,22,,
2401,22,,
2402,9,,
2403,36,,
2404,120,,
2405,29,,
2406,2,,
2407,1,,
2408,1,,
2409,16,,
2410,13,,
2411,1,,
2412,64,,
2413,206,,
2414,127,,
2415,16,,
2416,51,,
2417,36,,
2418,89,,
2419,252,,
2420,121,,
2421,149,,
2422,175,,
2423,155,,
2424,76,,
2425,290,,
2426,776,,
2427,204,,
2428,10,,
2429,5,,
2430,1,,
2431,67,,
2432,64,,
2433,21,,
2434,0,,
2435,0,,
2436,0,,
2437,0,,
2438,2,,
2439,1,,
2440,5,,
2441,12,,
2442,7,,
2443,10,,
2444,13,,
2445,11,,
2446,7,,
2447,27,,
2448,93,,
2449,19,,
2450,0,,
2451,0,,
2452,0,,
2453,7,,
2454,3,,
2455,0,,
2456,4,,
2457,19,,
2458,16,,
2459,1,,
2460,8,,
2461,8,,
2462,7,,
2463,24,,
2464,19,,
2465,23,,
2466,25,,
2467,25,,
2468,11,,
2469,48,,
2470,104,,
2471,23,,
2472,0,,
2473,0,,
2474,0,,
2475,9,,
2476,7,,
2477,1,,
2478,4,,
2479,18,,
2480,21,,
2481,1,,
2482,10,,
2483,5,,
2484,17,,
2485,40,,
2486,17,,
2487,26,,
2488,28,,
2489,26,,
2490,13,,
2491,49,,
2492,131,,
2493,25,,
2494,2,,
2495,0,,
2496,0,,
2497,8,,
2498,5,,
2499,2,,
2500,15,,
2501,38,,
2502,30,,
2503,5,,
2504,16,,
2505,8,,
2506,21,,
2507,46,,
2508,24,,
2509,23,,
2510,28,,
2511,27,,
2512,11,,
2513,30,,
2514,71,,
2515,17,,
2516,2,,
2517,1,,
2518,0,,
2519,12,,
2520,12,,
2521,3,,
2522,13,,
2523,38,,
2524,5,,
2525,4,,
2526,0,,
2527,0,,
2528,2,,
2529,13,,
2530,1,,
2531,7,,
2532,10,,
2533,5,,
2534,2,,
2535,6,,
2536,23,,
2537,4,,
2538,1,,
2539,1,,
2540,0,,
2541,4,,
2542,9,,
2543,0,,
2544,8,,
2545,22,,
2546,8,,
2547,0,,
2548,0,,
2549,2,,
2550,5,,
2551,22,,
2552,1,,
2553,6,,
2554,8,,
2555,7,,
2556,3,,
2557,12,,
2558,17,,
2559,6,,
2560,1,,
2561,2,,
2562,1,,
2563,4,,
2564,5,,
2565,3,,
2566,0,,
2567,4,,
2568,1,,
2569,2,,
2570,0,,
2571,0,,
2572,2,,
2573,11,,
2574,3,,
2575,3,,
2576,3,,
2577,0,,
2578,1,,
2579,1,,
2580,0,,
2581,0,,
2582,0,,
2583,0,,
2584,0,,
2585,2,,
2586,1,,
2587,0,,
2588,1,,
2589,2,,
2590,0,,
2591,0,,
2592,0,,
2593,0,,
2594,0,,
2595,1,,
2596,0,,
2597,0,,
2598,2,,
2599,0,,
2600,0,,
2601,0,,
2602,0,,
2603,0,,
2604,0,,
2605,0,,
2606,0,,
2607,3,,
2608,2,,
2609,0,,
2610,6,,
2611,17,,
2612,9,,
2613,0,,
2614,2,,
2615,2,,
2616,5,,
2617,7,,
2618,9,,
2619,2,,
2620,5,,
2621,1,,
2622,0,,
2623,3,,
2624,21,,
2625,6,,
2626,0,,
2627,0,,
2628,0,,
2629,3,,
2630,6,,
2631,1,,
2632,8,,
2633,31,,
2634,17,,
2635,3,,
2636,8,,
2637,2,,
2638,10,,
2639,35,,
2640,17,,
2641,21,,
2642,25,,
2643,25,,
2644,16,,
2645,58,,
2646,126,,
2647,39,,
2648,4,,
2649,1,,
2650,0,,
2651,11,,
2652,11,,
2653,8,,
2654,5,,
2655,11,,
2656,6,,
2657,0,,
2658,2,,
2659,2,,
2660,8,,
2661,26,,
2662,13,,
2663,19,,
2664,16,,
2665,13,,
2666,8,,
2667,35,,
2668,101,,
2669,28,,
2670,0,,
2671,0,,
2672,0,,
2673,0,,
2674,1,,
2675,1,,
2676,0,,
2677,6,,
2678,14,,
2679,0,,
2680,3,,
2681,6,,
2682,7,,
2683,15,,
2684,10,,
2685,9,,
2686,12,,
2687,15,,
2688,4,,
2689,21,,
2690,89,,
2691,37,,
2692,0,,
2693,0,,
2694,0,,
2695,4,,
2696,2,,
2697,2,,
